,name,filename,RMSE
0,融合模型,train,0.00033660289432215726
1,融合模型,test,0.1954567034713856
2,融合模型,val,0.2818365451991721
