,name,filename,RMSE
0,融合模型,train,8.427400304038688e-06
1,融合模型,test,0.0037004757235717814
2,融合模型,val,0.0031252963680545344
