,name,filename,RMSE
0,融合模型,train,0.0001203371285833255
1,融合模型,test,0.2932346587969487
2,融合模型,val,0.23293089357049088
