,name,filename,RMSE
0,融合模型,train,3.914666869518083e-05
1,融合模型,test,0.008772982590923475
2,融合模型,val,0.008978309174113276
