,name,filename,RMSE
0,融合模型,train,0.0005983475758554429
1,融合模型,test,1.5939642550520183
2,融合模型,val,1.4820946250587155
