,name,filename,RMSE
0,融合模型,train,4.366177106587314e-05
1,融合模型,test,0.012317054429755952
2,融合模型,val,0.010967623178912193
